<monitor>
    <name>TibcoHawk-monitor</name>
    <type>managed</type>
    <description>Tibco Hawk Monitoring Extension</description>
    <monitor-configuration></monitor-configuration>
    <monitor-run-task>
        <execution-style>periodic</execution-style>
        <execution-frequency-in-seconds>60</execution-frequency-in-seconds>
        <name>Tibco Hawk Monitor Run task</name>
        <display-name>Tibco Hawk Monitor Run task</display-name>
        <description>Tibco Hawk Monitor Run task</description>
        <type>java</type>
        <execution-timeout-in-secs>60</execution-timeout-in-secs>

        <task-arguments>
            <argument name="config-file" is-required="true" default-value="monitors/TibcoHawkMonitor/conf/config.yaml"/>
            <argument name="metric-file" is-required="true" default-value="monitors/TibcoHawkMonitor/conf/metrics.xml"/>
        </task-arguments>

        <java-task>
            <classpath>tibco-hawk-monitoring-extension.jar;lib/console.jar;lib/console_agent_shared.jar;lib/talon.jar;lib/tibrvj.jar;lib/util.jar;lib/jms.jar;lib/security.jar;lib/tibcrypt.jar;lib/tibjms.jar;lib/tibrvjms.jar</classpath>
            <impl-class>com.appdynamics.extensions.tibco.TibcoHawkMonitor</impl-class>
        </java-task>

    </monitor-run-task>
</monitor>